Item,amount,cost (ea.),Link
XIAO ESP32 C3,1,8.59(full price),https://shopee.com.my/2pcs-1pc-Seeed-Studio-XIAO-RP2040-Mini-Development-Board-Dual-Core-Cortex-M0-133MHz-Soldered-Unsoldered-Header-i.1649836180.44131445759?extraParams=%7B%22display_model_id%22%3A346012522022%2C%22model_selection_logic%22%3A3%7D&sp_atk=be1ba4b7-8834-4081-8a7a-10b8690af085&xptdk=be1ba4b7-8834-4081-8a7a-10b8690af085
0.96 OLED,1,2.02(full price),https://shopee.com.my/0.96-OLED-SPI-IIC-I2C-white-blue-yellow-blue-0.96-inch-module-128X64-OLED-LCD-LED-Display-Module-For-ARDUINO-i.1558951730.40403865929?extraParams=%7B%22display_model_id%22%3A227866818345%2C%22model_selection_logic%22%3A3%7D&sp_atk=d097b6ce-d5d2-473e-899f-248def484d01&xptdk=d097b6ce-d5d2-473e-899f-248def484d01
MPU6050,1,1.37,https://shopee.com.my/GY-521-MPU-6050-MPU6050-Module-3-Axis-analog-gyro-sensors-3-Axis-Accelerometer-Module-i.299149454.10536615521?extraParams=%7B%22display_model_id%22%3A37080615108%2C%22model_selection_logic%22%3A3%7D&sp_atk=3e9e0788-395f-443c-838b-33b4c57a6db5&xptdk=3e9e0788-395f-443c-838b-33b4c57a6db5
DHT11,1,0.73,https://shopee.com.my/DHT11-DHT22-Temperature-Humidity-Sensor-For-Arduino-Robotics-Raspberry-i.6674515.177063999?extraParams=%7B%22display_model_id%22%3A213043562785%2C%22model_selection_logic%22%3A3%7D&sp_atk=65f66e09-e2e3-4452-80ff-121f95614ad5&xptdk=65f66e09-e2e3-4452-80ff-121f95614ad5
MX Switches,4,0.52,https://shopee.com.my/QLT-KL-Stock-Outemu-Switch-for-Mechanical-Keyboard-CIY-Socket-SMD-3-Pin-Compatible-Cherry-MX-Kailh-Gateron-i.142395474.6294604896?extraParams=%7B%22display_model_id%22%3A56437606530%2C%22model_selection_logic%22%3A3%7D
Keycaps,4,1.47,https://shopee.com.my/QLT-KL-Stock-1u-R4-Single-Color-PBT-Keycap-OEM-Profile-Replacement-Cherry-Kailh-Gateron-Outemu-%E6%9C%BA%E6%A2%B0%E9%94%AE%E7%9B%98%E9%94%AE%E5%B8%BD-i.142395474.11063213110?extraParams=%7B%22display_model_id%22%3A95479221350%2C%22model_selection_logic%22%3A3%7D
10k Resistor,3,0.073,https://shopee.com.my/-Ready-Stock-Resistor-1-1-4W-10k-to-1M-Ohm-10k-20k-33k-47k-51k-68k-75k-82k-91k-100k-200k-220k-330k-470k-510k-680k-1M-i.335729754.3985373427?extraParams=%7B%22display_model_id%22%3A65888461190%2C%22model_selection_logic%22%3A3%7D
PCB,1,10,https://www.jlcpcb.com/
Total (tax + shipping included),1,33.36,
,,,
Rm1 = $0.24,,,
9/10/2026,,,
